Date,RRRP3.SA,ALSO3.SA,ALPA4.SA,ABEV3.SA,ARZZ3.SA,ASAI3.SA,AZUL4.SA,B3SA3.SA,BPAN4.SA,BBSE3.SA,BBDC3.SA,BBDC4.SA,BRAP4.SA,BBAS3.SA,BRKM5.SA,BRFS3.SA,BPAC11.SA,CRFB3.SA,CCRO3.SA,CMIG4.SA,CIEL3.SA,COGN3.SA,CPLE6.SA,CSAN3.SA,CPFE3.SA,CMIN3.SA,CVCB3.SA,CYRE3.SA,DXCO3.SA,ECOR3.SA,ELET3.SA,ELET6.SA,EMBR3.SA,ENBR3.SA,ENGI11.SA,ENEV3.SA,EGIE3.SA,EQTL3.SA,EZTC3.SA,FLRY3.SA,GGBR4.SA,GOAU4.SA,GOLL4.SA,NTCO3.SA,SOMA3.SA,HAPV3.SA,HYPE3.SA,IGTI11.SA,ITSA4.SA,ITUB4.SA,JBSS3.SA,KLBN11.SA,RENT3.SA,LWSA3.SA,LREN3.SA,MGLU3.SA,MRFG3.SA,CASH3.SA,BEEF3.SA,MRVE3.SA,MULT3.SA,PCAR3.SA,PETR3.SA,PETR4.SA,PRIO3.SA,PETZ3.SA,QUAL3.SA,RADL3.SA,RAIZ4.SA,RDOR3.SA,RAIL3.SA,SBSP3.SA,SANB11.SA,SMTO3.SA,CSNA3.SA,SLCE3.SA,SUZB3.SA,TAEE11.SA,VIVT3.SA,TIMS3.SA,TOTS3.SA,UGPA3.SA,USIM5.SA,VALE3.SA,VIIA3.SA,VBBR3.SA,WEGE3.SA,YDUQ3.SA
2023-01-02,36.40999984741211,16.280000686645508,14.329999923706055,14.1899995803833,74.12000274658203,18.989999771118164,10.300000190734863,12.208263397216797,5.739999771118164,31.674776077270508,12.615880012512207,14.120148658752441,29.780000686645508,32.30585861206055,23.219999313354492,7.960000038146973,22.22968101501465,14.170000076293945,10.289999961853027,10.90999984741211,5.099999904632568,2.049999952316284,7.639999866485596,16.260000228881836,32.189998626708984,4.039999961853027,4.25,12.850000381469727,6.630000114440918,4.239999771118164,40.59000015258789,42.02000045776367,14.300000190734863,19.309356689453125,41.766719818115234,11.199999809265137,37.31999969482422,26.190000534057617,12.843688011169434,15.109999656677246,27.849695205688477,12.941790580749512,6.880000114440918,10.640000343322754,9.25,4.639999866485596,43.72999954223633,17.560619354248047,8.25327205657959,24.179170608520508,21.450000762939453,19.72977066040039,51.25,6.420000076293945,19.129751205444336,2.5899999141693115,8.359999656677246,1.2200000286102295,12.699999809265137,7.340000152587891,20.709999084472656,16.110000610351562,26.170000076293945,22.920000076293945,36.7599983215332,5.900000095367432,5.519999980926514,23.260000228881836,3.4245078563690186,27.079999923706055,17.65999984741211,53.45000076293945,27.194440841674805,23.5,14.720000267028809,45.939998626708984,48.97999954223633,33.03956985473633,36.33040237426758,11.979999542236328,25.889999389648438,11.862836837768555,7.03000020980835,87.47887420654297,2.309999942779541,14.699999809265137,37.8317985534668,9.789999961853027
2023-01-03,34.68000030517578,15.579999923706055,13.399999618530273,14.170000076293945,71.80999755859375,18.610000610351562,10.15999984741211,11.799660682678223,5.570000171661377,30.688199996948242,12.019455909729004,13.419438362121582,29.559999465942383,31.703643798828125,22.459999084472656,7.559999942779541,21.166868209838867,14.069999694824219,10.0600004196167,10.649999618530273,4.880000114440918,1.9500000476837158,7.5,15.59000015258789,31.790000915527344,3.990000009536743,3.9800000190734863,12.279999732971191,6.449999809265137,4.050000190734863,39.83000183105469,41.41999816894531,14.569999694824219,19.149999618530273,41.169918060302734,11.029999732971191,36.97999954223633,25.549999237060547,12.554506301879883,14.550000190734863,27.906415939331055,12.81286907196045,6.630000114440918,10.119999885559082,8.949999809265137,4.510000228881836,41.84000015258789,16.625377655029297,8.045953750610352,23.675642013549805,20.989999771118164,19.916736602783203,49.9900016784668,5.980000019073486,18.674518585205078,2.5399999618530273,8.1899995803833,1.0800000429153442,12.34000015258789,7.170000076293945,20.049999237060547,15.949999809265137,25.799999237060547,22.34000015258789,34.29999923706055,5.659999847412109,5.940000057220459,22.81999969482422,3.2310328483581543,25.739999771118164,17.260000228881836,52.939998626708984,27.076332092285156,22.700000762939453,14.550000190734863,45.18000030517578,49.849998474121094,32.69300079345703,35.601600646972656,11.6899995803833,25.0,11.674223899841309,6.949999809265137,87.32231140136719,2.200000047683716,14.260000228881836,36.888484954833984,9.170000076293945
2023-01-04,34.88999938964844,15.729999542236328,13.489999771118164,14.25,73.45999908447266,19.079999923706055,10.5600004196167,11.88935375213623,5.690000057220459,30.839981079101562,12.12480640411377,13.457779884338379,29.84000015258789,32.11159896850586,22.40999984741211,7.710000038146973,21.842302322387695,14.390000343322754,10.1899995803833,10.779999732971191,4.880000114440918,2.0299999713897705,7.710000038146973,15.699999809265137,32.15999984741211,3.9800000190734863,4.25,12.760000228881836,6.670000076293945,4.130000114440918,40.900001525878906,42.5,14.970000267028809,19.6200008392334,40.64159393310547,11.449999809265137,37.0,25.600000381469727,13.112926483154297,14.850000381469727,27.77406883239746,12.921956062316895,6.840000152587891,11.020000457763672,9.369999885559082,4.579999923706055,41.97999954223633,16.675127029418945,8.115060806274414,23.744754791259766,21.299999237060547,19.995458602905273,50.58000183105469,5.989999771118164,18.79327392578125,2.549999952316284,8.350000381469727,1.1200000047683716,12.8100004196167,7.409999847412109,20.389999389648438,16.729999542236328,26.229999542236328,23.049999237060547,34.09000015258789,5.78000020980835,6.039999961853027,22.700000762939453,3.2116851806640625,26.139999389648438,17.520000457763672,53.349998474121094,27.627504348754883,22.899999618530273,14.65999984741211,44.349998474121094,49.95000076293945,32.65449142456055,36.38032150268555,11.899999618530273,25.729999542236328,11.952180862426758,7.090000152587891,87.47887420654297,2.2799999713897705,14.680000305175781,37.13672637939453,9.289999961853027
2023-01-05,37.25,16.239999771118164,13.859999656677246,14.289999961853027,74.33999633789062,18.979999542236328,11.550000190734863,12.258092880249023,5.769999980926514,30.906387329101562,12.517474174499512,14.042484283447266,30.579999923706055,33.57828140258789,23.09000015258789,8.380000114440918,22.729999542236328,14.6899995803833,10.329999923706055,10.880000114440918,4.889999866485596,2.049999952316284,7.650000095367432,16.020000457763672,32.20000076293945,4.050000190734863,4.349999904632568,13.100000381469727,6.849999904632568,4.25,40.97999954223633,42.29999923706055,14.800000190734863,19.56999969482422,40.60245895385742,11.710000038146973,36.7599983215332,25.68000030517578,13.10295581817627,15.119999885559082,28.4547119140625,13.140131950378418,7.349999904632568,11.699999809265137,9.710000038146973,4.769999980926514,42.52000045776367,17.192493438720703,8.233529090881348,24.4852352142334,22.100000381469727,20.143062591552734,51.0,6.539999961853027,18.50627899169922,2.6600000858306885,8.470000267028809,1.1399999856948853,13.079999923706055,7.480000019073486,20.93000030517578,16.6299991607666,27.079999923706055,23.8799991607666,34.970001220703125,6.0,5.929999828338623,23.40999984741211,3.124621629714966,27.649999618530273,17.639999389648438,54.68000030517578,28.070411682128906,22.40999984741211,15.630000114440918,44.75,50.2599983215332,32.78927230834961,37.35871505737305,11.789999961853027,26.899999618530273,12.111013412475586,7.510000228881836,88.94664001464844,2.3399999141693115,14.75,37.21615982055664,9.40999984741211
2023-01-06,37.88999938964844,16.709999084472656,13.869999885559082,14.319999694824219,75.80000305175781,19.040000915527344,11.84000015258789,12.547104835510254,5.860000133514404,31.807584762573242,12.852677345275879,14.4354829788208,30.690000534057617,34.04450988769531,23.229999542236328,8.640000343322754,22.860000610351562,14.789999961853027,10.449999809265137,10.880000114440918,4.960000038146973,2.0899999141693115,7.539999961853027,16.579999923706055,31.860000610351562,4.300000190734863,4.619999885559082,13.710000038146973,6.809999942779541,4.489999771118164,41.0,42.20000076293945,14.550000190734863,19.549999237060547,40.397003173828125,12.380000114440918,36.869998931884766,25.600000381469727,13.481884002685547,15.59000015258789,28.67214012145996,13.239303588867188,7.619999885559082,12.25,10.119999885559082,4.71999979019165,43.130001068115234,17.849151611328125,8.371740341186523,24.909778594970703,22.209999084472656,19.995458602905273,51.970001220703125,6.5,19.189128875732422,2.759999990463257,8.449999809265137,1.149999976158142,13.270000457763672,7.550000190734863,21.489999771118164,16.709999084472656,26.90999984741211,23.739999771118164,35.18000030517578,6.179999828338623,6.320000171661377,23.889999389648438,3.11494779586792,27.940000534057617,17.799999237060547,54.93000030517578,28.79874610900879,22.549999237060547,16.270000457763672,44.5,49.939998626708984,34.05039596557617,38.15740966796875,11.9399995803833,27.34000015258789,12.249993324279785,7.590000152587891,90.35569763183594,2.4100000858306885,14.850000381469727,37.762290954589844,9.75
2023-01-09,38.380001068115234,17.1200008392334,14.220000267028809,14.399999618530273,75.02999877929688,19.229999542236328,12.0,12.377684593200684,5.869999885559082,31.95936393737793,12.882959365844727,14.618367195129395,31.06999969482422,33.714263916015625,23.389999389648438,8.6899995803833,22.639999389648438,14.619999885559082,10.430000305175781,11.15999984741211,4.980000019073486,2.109999895095825,7.46999979019165,16.5,32.150001525878906,4.260000228881836,4.849999904632568,13.579999923706055,6.900000095367432,4.46999979019165,41.29999923706055,42.88999938964844,14.8100004196167,19.75,40.426353454589844,12.039999961853027,37.779998779296875,25.950000762939453,13.282447814941406,15.109999656677246,29.258251190185547,13.546732902526855,7.929999828338623,12.149999618530273,9.800000190734863,4.199999809265137,42.970001220703125,17.878997802734375,8.430974960327148,25.087493896484375,22.8799991607666,20.084020614624023,51.90999984741211,6.550000190734863,19.23861312866211,2.8299999237060547,8.34000015258789,1.149999976158142,13.350000381469727,7.550000190734863,21.219999313354492,16.889999389648438,27.09000015258789,23.8700008392334,36.0099983215332,6.139999866485596,6.360000133514404,23.65999984741211,3.124621629714966,27.440000534057617,17.719999313354492,55.029998779296875,28.76921844482422,21.860000610351562,16.34000015258789,44.130001068115234,50.61000061035156,34.41621780395508,38.037601470947266,11.949999809265137,27.860000610351562,12.210285186767578,7.619999885559082,90.45355224609375,2.430000066757202,14.720000267028809,37.65306091308594,9.640000343322754
2023-01-10,39.08000183105469,17.65999984741211,14.779999732971191,14.539999961853027,77.06999969482422,19.239999771118164,12.34000015258789,12.816184997558594,6.099999904632568,32.44316864013672,13.152185440063477,15.05711841583252,31.709999084472656,34.28733825683594,23.049999237060547,9.0600004196167,23.860000610351562,14.699999809265137,10.869999885559082,11.220000267028809,5.039999961853027,2.2100000381469727,7.440000057220459,17.049999237060547,31.739999771118164,4.539999961853027,5.079999923706055,13.930000305175781,7.050000190734863,4.730000019073486,40.900001525878906,42.189998626708984,15.09000015258789,19.690000534057617,40.32851791381836,12.399999618530273,37.849998474121094,26.18000030517578,13.641432762145996,15.470000267028809,30.071243286132812,13.814494132995605,8.119999885559082,12.59000015258789,10.289999961853027,4.309999942779541,43.25,18.22722625732422,8.608677864074707,25.57127571105957,22.649999618530273,19.926576614379883,53.58000183105469,6.869999885559082,19.812602996826172,3.049999952316284,8.579999923706055,1.2000000476837158,13.449999809265137,7.829999923706055,21.8700008392334,18.3700008392334,27.25,24.09000015258789,36.209999084472656,6.5,6.579999923706055,24.010000228881836,3.240706443786621,27.100000381469727,18.1299991607666,55.189998626708984,29.8420352935791,22.530000686645508,17.1200008392334,44.95000076293945,49.97999954223633,34.45472717285156,38.436946868896484,11.869999885559082,28.829999923706055,12.62722110748291,7.900000095367432,91.56905364990234,2.5899999141693115,14.890000343322754,37.285667419433594,9.770000457763672
2023-01-11,44.40999984741211,18.290000915527344,15.130000114440918,14.289999961853027,79.0,19.760000228881836,12.350000381469727,13.4041748046875,5.900000095367432,32.632896423339844,13.291784286499023,15.3562650680542,31.760000228881836,34.77299118041992,23.760000228881836,8.460000038146973,23.420000076293945,14.529999732971191,11.359999656677246,11.680000305175781,5.110000133514404,2.240000009536743,7.789999961853027,17.399999618530273,32.560001373291016,4.519999980926514,5.03000020980835,14.140000343322754,7.090000152587891,4.860000133514404,42.75,43.90999984741211,15.59000015258789,20.049999237060547,41.18947982788086,12.65999984741211,38.869998931884766,27.360000610351562,13.701263427734375,15.960000038146973,30.37375259399414,13.923582077026367,8.1899995803833,12.699999809265137,10.199999809265137,4.599999904632568,45.029998779296875,18.485910415649414,8.677783012390137,26.01556396484375,22.40999984741211,19.50344467163086,55.02000045776367,6.599999904632568,20.60431480407715,3.0299999713897705,8.640000343322754,1.2000000476837158,14.489999771118164,7.820000171661377,22.719999313354492,19.030000686645508,27.600000381469727,24.280000686645508,39.02000045776367,6.389999866485596,6.730000019073486,24.270000457763672,3.463202714920044,27.399999618530273,18.530000686645508,55.83000183105469,30.875484466552734,23.850000381469727,17.149999618530273,45.5,49.25,34.40999984741211,38.75642395019531,11.699999809265137,29.149999618530273,13.044157981872559,7.849999904632568,91.24613952636719,2.5999999046325684,15.039999961853027,38.328277587890625,9.699999809265137
2023-01-12,44.900001525878906,18.0,14.510000228881836,14.100000381469727,79.5999984741211,20.0,12.319999694824219,13.324447631835938,5.78000020980835,32.52854537963867,13.022558212280273,14.99728775024414,31.950000762939453,34.549591064453125,23.90999984741211,8.5600004196167,22.75,14.399999618530273,11.649999618530273,11.569999694824219,4.960000038146973,2.200000047683716,7.730000019073486,17.690000534057617,32.29999923706055,4.53000020980835,4.889999866485596,14.109999656677246,7.090000152587891,4.670000076293945,42.369998931884766,43.880001068115234,15.710000038146973,19.979999542236328,42.6179084777832,12.649999618530273,38.810001373291016,27.549999237060547,13.741150856018066,15.8100004196167,30.487192153930664,14.012835502624512,8.270000457763672,12.34000015258789,9.970000267028809,4.349999904632568,45.11000061035156,18.46601104736328,8.588932037353516,25.650259017944336,22.030000686645508,19.60184669494629,54.529998779296875,6.5,21.01996421813965,3.190000057220459,8.640000343322754,1.1299999952316284,14.569999694824219,7.590000152587891,22.31999969482422,18.549999237060547,27.75,24.6299991607666,39.75,6.309999942779541,6.420000076293945,24.049999237060547,3.3761391639709473,26.850000381469727,18.670000076293945,55.16999816894531,29.999513626098633,23.1200008392334,16.93000030517578,45.849998474121094,50.2599983215332,35.029998779296875,38.74644088745117,11.859999656677246,28.59000015258789,13.024303436279297,7.880000114440918,91.7256088256836,2.4600000381469727,15.100000381469727,38.23891067504883,9.579999923706055
2023-01-13,44.209999084472656,17.65999984741211,13.619999885559082,13.880000114440918,78.75,19.959999084472656,11.65999984741211,13.11516284942627,5.579999923706055,32.44316864013672,13.072415351867676,14.947430610656738,31.739999771118164,34.627296447753906,23.3799991607666,8.0,22.1299991607666,14.760000228881836,11.479999542236328,11.420000076293945,4.809999942779541,2.140000104904175,7.78000020980835,17.139999389648438,32.04999923706055,4.579999923706055,4.599999904632568,13.760000228881836,6.940000057220459,4.46999979019165,41.58000183105469,43.27000045776367,15.75,19.739999771118164,41.042728424072266,12.600000381469727,37.84000015258789,27.079999923706055,13.162785530090332,15.180000305175781,30.657352447509766,13.983084678649902,7.900000095367432,12.239999771118164,9.670000076293945,4.25,44.349998474121094,17.888948440551758,8.51982593536377,25.521909713745117,21.5,19.54280662536621,53.709999084472656,6.460000038146973,19.931360244750977,3.430000066757202,8.369999885559082,1.1200000047683716,15.25,7.190000057220459,21.90999984741211,18.3799991607666,27.690000534057617,24.56999969482422,39.04999923706055,6.170000076293945,6.179999828338623,23.979999542236328,3.2310328483581543,26.299999237060547,18.3700008392334,54.70000076293945,29.42865562438965,22.399999618530273,16.889999389648438,46.540000915527344,50.43000030517578,34.88999938964844,38.06755447387695,11.630000114440918,28.15999984741211,12.498169898986816,7.809999942779541,91.80389404296875,2.369999885559082,14.770000457763672,38.695674896240234,9.260000228881836
2023-01-16,44.09000015258789,17.469999313354492,13.5,13.199999809265137,77.43000030517578,20.059999465942383,11.25,12.905878067016602,5.449999809265137,32.13960647583008,12.783246040344238,14.488736152648926,31.110000610351562,34.588443756103516,22.520000457763672,7.570000171661377,21.219999313354492,15.40999984741211,11.079999923706055,11.3100004196167,4.789999961853027,2.0799999237060547,7.699999809265137,16.68000030517578,32.400001525878906,4.409999847412109,4.429999828338623,13.619999885559082,6.820000171661377,4.28000020980835,40.81999969482422,42.88999938964844,16.3700008392334,19.65999984741211,39.95673370361328,12.369999885559082,38.16999816894531,26.829999923706055,12.863631248474121,14.880000114440918,30.146869659423828,13.705405235290527,7.489999771118164,12.069999694824219,9.510000228881836,4.119999885559082,43.09000015258789,17.69991111755371,8.371740341186523,25.245464324951172,21.3700008392334,19.59200668334961,53.75,6.269999980926514,19.52560806274414,3.8499999046325684,8.0600004196167,1.0700000524520874,15.149999618530273,6.989999771118164,21.510000228881836,18.790000915527344,27.0,24.040000915527344,39.06999969482422,5.920000076293945,5.920000076293945,24.079999923706055,3.19233775138855,26.1299991607666,18.299999237060547,54.849998474121094,28.326313018798828,22.3700008392334,16.610000610351562,47.040000915527344,50.61000061035156,34.900001525878906,38.097503662109375,11.729999542236328,27.639999389648438,12.259920120239258,7.739999771118164,90.26763153076172,2.619999885559082,14.779999732971191,37.4246826171875,9.289999961853027
2023-01-17,44.29999923706055,17.690000534057617,13.850000381469727,13.859999656677246,80.0,20.059999465942383,11.270000457763672,12.96567440032959,5.440000057220459,32.613922119140625,12.8729887008667,14.588452339172363,31.31999969482422,36.61848831176758,22.959999084472656,7.840000152587891,22.270000457763672,15.229999542236328,11.239999771118164,11.649999618530273,4.900000095367432,2.119999885559082,7.699999809265137,17.280000686645508,32.70000076293945,4.539999961853027,4.320000171661377,14.039999961853027,6.949999809265137,4.380000114440918,41.560001373291016,43.38999938964844,16.360000610351562,20.0,41.01337432861328,12.609999656677246,38.77000045776367,26.81999969482422,13.063068389892578,15.369999885559082,30.58172607421875,14.062420845031738,7.519999980926514,12.180000305175781,9.670000076293945,4.150000095367432,43.290000915527344,18.2570743560791,8.500081062316895,25.76873779296875,21.670000076293945,19.877376556396484,55.59000015258789,6.210000038146973,19.73343276977539,3.7899999618530273,8.300000190734863,1.0800000429153442,15.220000267028809,6.96999979019165,22.440000534057617,18.780000686645508,28.899999618530273,25.520000457763672,38.7400016784668,6.010000228881836,5.599999904632568,23.979999542236328,3.250380277633667,28.25,18.56999969482422,55.349998474121094,28.43457794189453,23.15999984741211,16.780000686645508,47.7599983215332,51.220001220703125,35.11000061035156,38.97606658935547,11.779999732971191,29.260000228881836,12.62722110748291,7.940000057220459,90.15020751953125,2.549999952316284,15.25,38.04031753540039,9.170000076293945
2023-01-18,46.04999923706055,17.75,13.920000076293945,13.779999732971191,80.3499984741211,20.40999984741211,11.510000228881836,13.035435676574707,5.53000020980835,32.87953567504883,13.012587547302246,14.807827949523926,31.700000762939453,37.14299774169922,22.579999923706055,7.929999828338623,22.719999313354492,15.350000381469727,11.399999618530273,11.699999809265137,4.989999771118164,2.180000066757202,7.739999771118164,17.31999969482422,33.16999816894531,4.739999771118164,4.179999828338623,14.399999618530273,7.039999961853027,4.599999904632568,41.70000076293945,43.400001525878906,16.299999237060547,20.239999771118164,41.02315902709961,12.960000038146973,39.040000915527344,27.420000076293945,13.56165885925293,15.399999618530273,31.583786010742188,14.469021797180176,7.610000133514404,12.270000457763672,9.630000114440918,4.210000038146973,44.47999954223633,18.485910415649414,8.569188117980957,26.232770919799805,21.559999465942383,19.916736602783203,57.95000076293945,6.340000152587891,20.436077117919922,3.559999942779541,8.229999542236328,1.0700000524520874,15.390000343322754,7.139999866485596,22.40999984741211,18.610000610351562,28.530000686645508,25.06999969482422,38.970001220703125,6.119999885559082,5.460000038146973,24.0,3.240706443786621,27.799999237060547,18.8700008392334,55.189998626708984,29.24165153503418,23.729999542236328,17.309999465942383,48.0099983215332,49.86000061035156,35.099998474121094,39.93449401855469,11.649999618530273,29.770000457763672,12.825762748718262,8.130000114440918,91.3342056274414,2.380000114440918,15.270000457763672,37.72257614135742,9.25
2023-01-19,47.130001068115234,17.719999313354492,13.720000267028809,13.640000343322754,81.80999755859375,20.18000030517578,11.479999542236328,12.925810813903809,5.510000228881836,33.24001693725586,13.072415351867676,14.837742805480957,31.90999984741211,37.988040924072266,21.950000762939453,7.71999979019165,22.049999237060547,15.010000228881836,11.989999771118164,11.680000305175781,4.860000133514404,2.1600000858306885,7.809999942779541,17.459999084472656,33.08000183105469,4.710000038146973,4.239999771118164,14.420000076293945,7.019999980926514,4.570000171661377,41.70000076293945,43.720001220703125,16.3700008392334,20.1299991607666,41.28731918334961,12.920000076293945,38.70000076293945,27.389999389648438,13.611516952514648,15.5,31.668865203857422,14.60785961151123,7.519999980926514,12.25,9.489999771118164,4.369999885559082,44.810001373291016,18.495859146118164,8.579059600830078,26.232770919799805,21.700000762939453,19.75929069519043,56.90999984741211,6.449999809265137,20.584522247314453,3.809999942779541,8.270000457763672,1.0700000524520874,15.449999809265137,7.039999961853027,22.649999618530273,18.690000534057617,29.5,25.889999389648438,40.52000045776367,5.96999979019165,5.480000019073486,24.260000228881836,3.2987492084503174,29.520000457763672,19.06999969482422,55.34000015258789,28.907012939453125,23.549999237060547,17.40999984741211,48.150001525878906,49.34000015258789,35.58000183105469,40.00437545776367,11.640000343322754,29.649999618530273,12.776126861572266,8.069999694824219,91.7256088256836,2.319999933242798,15.329999923706055,37.64313507080078,9.460000038146973
2023-01-20,48.77000045776367,17.399999618530273,12.90999984741211,13.529999732971191,81.41000366210938,20.0,11.25,12.726491928100586,5.420000076293945,33.24001693725586,12.823131561279297,14.628339767456055,32.029998779296875,38.92049789428711,21.459999084472656,7.900000095367432,21.389999389648438,14.710000038146973,11.949999809265137,11.369999885559082,4.860000133514404,2.1700000762939453,7.730000019073486,16.68000030517578,32.59000015258789,4.730000019073486,4.170000076293945,14.319999694824219,7.159999847412109,4.480000019073486,40.97999954223633,42.720001220703125,16.219999313354492,20.200000762939453,40.11327362060547,12.4399995803833,38.15999984741211,26.989999771118164,13.711235046386719,15.0,31.385265350341797,14.43927001953125,7.670000076293945,12.069999694824219,9.510000228881836,4.380000114440918,44.400001525878906,18.326719284057617,8.470463752746582,25.76873779296875,21.600000381469727,19.306638717651367,55.20000076293945,6.420000076293945,20.337112426757812,3.819999933242798,8.1899995803833,1.0499999523162842,15.510000228881836,7.010000228881836,22.229999542236328,19.149999618530273,29.829999923706055,26.3700008392334,41.099998474121094,5.920000076293945,5.480000019073486,24.059999465942383,3.182664155960083,28.229999542236328,18.360000610351562,53.599998474121094,28.720006942749023,23.549999237060547,17.829999923706055,48.810001373291016,47.13999938964844,35.220001220703125,39.40536117553711,11.609999656677246,29.100000381469727,12.527950286865234,8.289999961853027,91.9702377319336,2.2699999809265137,15.119999885559082,37.067222595214844,9.420000076293945
2023-01-23,48.029998779296875,17.399999618530273,13.0600004196167,13.420000076293945,82.01000213623047,20.270000457763672,11.380000114440918,12.606900215148926,5.340000152587891,33.50563430786133,12.414306640625,14.010100364685059,31.6200008392334,38.62910461425781,21.65999984741211,7.789999961853027,20.93000030517578,15.539999961853027,11.899999618530273,11.199999809265137,5.0,2.1600000858306885,7.690000057220459,15.989999771118164,32.34000015258789,4.909999847412109,4.159999847412109,14.489999771118164,7.25,4.550000190734863,40.880001068115234,42.599998474121094,16.31999969482422,19.93000030517578,40.38721466064453,12.0600004196167,38.040000915527344,26.989999771118164,14.080192565917969,14.569999694824219,30.714075088500977,14.112006187438965,7.539999961853027,12.520000457763672,9.59000015258789,4.230000019073486,43.970001220703125,18.356569290161133,8.292762756347656,24.97888946533203,21.780000686645508,19.139354705810547,56.33000183105469,6.380000114440918,20.178770065307617,4.039999961853027,8.420000076293945,1.0399999618530273,14.960000038146973,6.809999942779541,22.25,19.170000076293945,30.520000457763672,26.790000915527344,41.560001373291016,5.869999885559082,5.659999847412109,24.270000457763672,3.182664155960083,28.350000381469727,18.489999771118164,52.38999938964844,27.666873931884766,23.15999984741211,17.950000762939453,49.31999969482422,46.97999954223633,35.540000915527344,41.382118225097656,11.619999885559082,29.639999389648438,12.349263191223145,8.34000015258789,92.2735824584961,2.4600000381469727,14.90999984741211,37.106937408447266,9.380000114440918
2023-01-24,46.54999923706055,17.700000762939453,13.039999961853027,13.609999656677246,82.87000274658203,21.049999237060547,11.739999771118164,12.796253204345703,5.449999809265137,33.86611557006836,12.553905487060547,14.159673690795898,31.979999542236328,38.434844970703125,22.889999389648438,8.020000457763672,21.209999084472656,16.139999389648438,11.75,11.40999984741211,5.170000076293945,2.2200000286102295,7.78000020980835,16.6299991607666,33.02000045776367,5.010000228881836,4.519999980926514,14.649999618530273,7.360000133514404,4.570000171661377,41.63999938964844,43.380001068115234,16.790000915527344,20.239999771118164,40.34808349609375,12.140000343322754,38.810001373291016,27.229999542236328,14.20982551574707,14.890000343322754,30.619539260864258,14.121923446655273,7.75,13.369999885559082,9.880000114440918,4.480000019073486,44.040000915527344,18.635149002075195,8.45072078704834,25.20597267150879,22.100000381469727,19.257436752319336,58.22999954223633,6.519999980926514,21.069448471069336,4.389999866485596,8.399999618530273,1.0499999523162842,14.729999542236328,6.920000076293945,22.850000381469727,20.139999389648438,30.290000915527344,26.600000381469727,41.029998779296875,6.260000228881836,5.889999866485596,24.709999084472656,3.3567917346954346,28.809999465942383,18.81999969482422,53.83000183105469,28.198360443115234,23.81999969482422,17.6299991607666,49.15999984741211,47.5099983215332,35.720001220703125,40.53350830078125,11.460000038146973,30.219999313354492,12.875397682189941,8.270000457763672,93.25209045410156,2.509999990463257,15.460000038146973,36.94805908203125,9.550000190734863
2023-01-25,46.91999816894531,17.989999771118164,13.5,13.710000038146973,84.37000274658203,21.110000610351562,11.989999771118164,13.065333366394043,5.630000114440918,35.27008819580078,12.573847770690918,14.059957504272461,32.22999954223633,39.48386001586914,22.649999618530273,8.140000343322754,21.760000228881836,16.280000686645508,11.9399995803833,11.720000267028809,5.260000228881836,2.2300000190734863,7.809999942779541,16.81999969482422,33.77000045776367,5.159999847412109,4.659999847412109,14.9399995803833,7.349999904632568,4.579999923706055,42.68000030517578,44.220001220703125,16.790000915527344,20.299999237060547,41.688453674316406,12.229999542236328,38.900001525878906,27.8700008392334,14.269657135009766,15.479999542236328,30.515552520751953,14.1715087890625,8.020000457763672,13.180000305175781,10.130000114440918,4.579999923706055,44.290000915527344,18.97342872619629,8.470463752746582,25.294830322265625,22.06999969482422,19.050790786743164,59.189998626708984,6.679999828338623,21.5048885345459,4.349999904632568,8.380000114440918,1.0800000429153442,14.869999885559082,6.940000057220459,23.299999237060547,20.540000915527344,30.420000076293945,26.940000534057617,41.91999816894531,6.449999809265137,5.789999961853027,24.90999984741211,3.4148340225219727,29.600000381469727,18.780000686645508,54.540000915527344,28.43457794189453,24.860000610351562,17.610000610351562,49.47999954223633,46.77000045776367,35.83000183105469,39.96444320678711,11.4399995803833,29.989999771118164,13.064011573791504,8.279999732971191,94.13274383544922,2.4600000381469727,15.989999771118164,38.44743347167969,9.619999885559082
2023-01-26,46.79999923706055,18.110000610351562,13.239999771118164,13.739999771118164,83.63999938964844,21.0,12.039999961853027,13.075299263000488,5.630000114440918,35.156253814697266,12.54393482208252,14.099844932556152,32.86000061035156,39.46443557739258,22.729999542236328,8.199999809265137,21.65999984741211,16.100000381469727,11.829999923706055,11.390000343322754,5.289999961853027,2.200000047683716,7.869999885559082,16.829999923706055,33.560001373291016,5.21999979019165,4.860000133514404,15.079999923706055,7.260000228881836,4.599999904632568,42.68000030517578,44.59000015258789,16.68000030517578,20.420000076293945,42.56898498535156,12.100000381469727,38.72999954223633,27.979999542236328,14.728360176086426,15.109999656677246,31.196197509765625,14.488855361938477,7.940000057220459,12.930000305175781,10.050000190734863,4.440000057220459,44.08000183105469,19.4012508392334,8.509954452514648,25.146730422973633,21.920000076293945,18.962228775024414,59.290000915527344,6.510000228881836,21.603853225708008,4.28000020980835,8.300000190734863,1.0700000524520874,14.75,7.079999923706055,23.489999771118164,20.469999313354492,29.56999969482422,26.25,42.34000015258789,6.389999866485596,5.920000076293945,24.969999313354492,3.3664653301239014,29.690000534057617,18.790000915527344,54.060001373291016,28.572372436523438,25.049999237060547,18.389999389648438,50.400001525878906,45.400001525878906,36.27000045776367,40.15413284301758,11.5600004196167,29.520000457763672,13.054084777832031,8.59000015258789,95.89407348632812,2.440000057220459,15.949999809265137,37.94102096557617,9.600000381469727
2023-01-27,46.02000045776367,17.770000457763672,12.979999542236328,13.649999618530273,82.83999633789062,21.020000457763672,11.760000228881836,12.666696548461914,5.639999866485596,35.355464935302734,12.284679412841797,13.681036949157715,32.0,39.02734375,22.899999618530273,7.769999980926514,21.270000457763672,15.90999984741211,11.739999771118164,11.199999809265137,5.230000019073486,2.1600000858306885,7.650000095367432,16.829999923706055,33.099998474121094,5.139999866485596,5.139999866485596,14.850000381469727,7.110000133514404,4.510000228881836,41.29999923706055,43.5099983215332,16.360000610351562,20.170000076293945,42.16785430908203,11.970000267028809,38.849998474121094,27.790000915527344,14.47906494140625,14.869999885559082,30.506099700927734,14.161591529846191,7.730000019073486,12.9399995803833,9.920000076293945,4.599999904632568,44.66999816894531,19.023176193237305,8.312506675720215,24.61358642578125,21.43000030517578,18.90318489074707,58.84000015258789,6.360000133514404,21.039758682250977,4.53000020980835,8.029999732971191,1.100000023841858,14.489999771118164,6.820000171661377,23.100000381469727,19.8799991607666,28.899999618530273,25.6200008392334,41.790000915527344,6.5,5.940000057220459,25.149999618530273,3.308422803878784,30.3700008392334,18.530000686645508,53.599998474121094,28.65999984741211,24.200000762939453,18.200000762939453,50.66999816894531,45.08000183105469,36.5099983215332,40.34381866455078,11.399999618530273,29.100000381469727,13.014375686645508,8.470000267028809,93.27165985107422,2.4200000762939453,16.010000228881836,37.64313507080078,9.449999809265137
2023-01-30,45.279998779296875,17.829999923706055,13.25,13.529999732971191,88.11000061035156,20.780000686645508,11.579999923706055,12.826150894165039,5.650000095367432,35.953102111816406,12.314594268798828,13.750838279724121,31.84000015258789,39.6392707824707,22.719999313354492,7.53000020980835,21.100000381469727,16.239999771118164,11.779999732971191,11.170000076293945,4.980000019073486,2.1600000858306885,7.619999885559082,16.389999389648438,33.400001525878906,5.159999847412109,4.400000095367432,14.779999732971191,7.050000190734863,4.460000038146973,40.70000076293945,42.470001220703125,16.34000015258789,20.200000762939453,41.600399017333984,11.829999923706055,38.81999969482422,27.5,14.459120750427246,14.989999771118164,30.647899627685547,14.231011390686035,7.5,13.649999618530273,10.170000076293945,4.699999809265137,44.88999938964844,19.132617950439453,8.391486167907715,24.623458862304688,20.90999984741211,19.336158752441406,58.5,6.340000152587891,20.970483779907227,4.360000133514404,7.789999961853027,1.090000033378601,14.220000267028809,6.690000057220459,23.360000610351562,20.0,28.989999771118164,25.75,41.5,6.789999961853027,5.920000076293945,25.229999542236328,3.1439690589904785,30.389999389648438,18.190000534057617,54.060001373291016,28.540000915527344,24.489999771118164,18.299999237060547,51.709999084472656,46.279998779296875,36.439998626708984,40.51354217529297,11.5600004196167,29.6200008392334,12.75627326965332,8.470000267028809,92.93897247314453,2.359999895095825,15.850000381469727,37.08707809448242,9.640000343322754
2023-01-31,44.83000183105469,18.010000228881836,13.609999656677246,13.65999984741211,87.5999984741211,19.649999618530273,11.850000381469727,12.915844917297363,5.800000190734863,35.839263916015625,12.583819389343262,13.980185508728027,31.899999618530273,39.53242492675781,23.329999923706055,7.960000038146973,21.68000030517578,16.450000762939453,11.760000228881836,11.460000038146973,5.010000228881836,2.380000114440918,7.769999980926514,16.700000762939453,33.279998779296875,5.340000152587891,4.5,15.180000305175781,7.539999961853027,4.539999961853027,40.650001525878906,42.470001220703125,16.350000381469727,20.3700008392334,41.24818420410156,12.0,39.349998474121094,28.020000457763672,14.608697891235352,15.479999542236328,30.950408935546875,14.369850158691406,7.659999847412109,14.550000190734863,10.5,5.150000095367432,46.400001525878906,19.500743865966797,8.421102523803711,25.00851058959961,20.079999923706055,19.188554763793945,59.209999084472656,6.409999847412109,21.40592384338379,4.429999828338623,7.699999809265137,1.1100000143051147,13.989999771118164,7.019999980926514,23.790000915527344,20.719999313354492,29.459999084472656,26.06999969482422,42.099998474121094,7.239999771118164,6.309999942779541,24.829999923706055,3.182664155960083,31.899999618530273,18.3799991607666,55.65999984741211,28.899999618530273,25.010000228881836,18.5,51.29999923706055,46.36000061035156,37.08000183105469,41.75151062011719,11.789999961853027,30.06999969482422,13.093792915344238,8.529999732971191,92.47907257080078,2.4000000953674316,16.459999084472656,37.9708137512207,10.329999923706055
2023-02-01,44.06999969482422,17.899999618530273,13.640000343322754,13.180000305175781,88.23999786376953,19.6299991607666,11.609999656677246,12.86601448059082,5.880000114440918,34.74834060668945,12.424278259277344,13.710951805114746,31.389999389648438,39.05648422241211,23.799999237060547,8.569999694824219,21.420000076293945,16.290000915527344,11.6899995803833,11.420000076293945,4.860000133514404,2.3499999046325684,7.800000190734863,16.489999771118164,33.290000915527344,5.340000152587891,4.5,14.970000267028809,7.46999979019165,4.539999961853027,39.81999969482422,42.29999923706055,16.31999969482422,20.469999313354492,41.385154724121094,12.239999771118164,38.880001068115234,28.0,13.860812187194824,15.600000381469727,30.36429786682129,14.092171669006348,7.46999979019165,14.0,10.600000381469727,5.050000190734863,45.959999084472656,19.500743865966797,8.174294471740723,24.680147171020508,20.110000610351562,19.345998764038086,58.529998779296875,6.320000171661377,21.43561363220215,4.289999961853027,8.109999656677246,1.1200000047683716,13.949999809265137,6.900000095367432,23.6200008392334,20.25,28.8799991607666,25.709999084472656,41.099998474121094,7.300000190734863,6.369999885559082,24.56999969482422,3.047231674194336,31.899999618530273,18.1299991607666,55.599998474121094,27.6299991607666,26.190000534057617,18.510000228881836,51.470001220703125,46.75,36.349998474121094,40.17409896850586,11.5600004196167,30.139999389648438,12.786054611206055,8.40999984741211,91.45162963867188,2.3499999046325684,15.960000038146973,38.11975860595703,10.380000114440918
2023-02-02,43.439998626708984,18.18000030517578,13.4399995803833,13.109999656677246,88.6500015258789,19.520000457763672,12.4399995803833,12.955708503723145,5.869999885559082,34.62501907348633,12.50141429901123,13.919621467590332,30.15999984741211,38.31828689575195,22.450000762939453,7.909999847412109,20.59000015258789,16.31999969482422,11.640000343322754,11.420000076293945,5.010000228881836,2.4000000953674316,7.570000171661377,16.110000610351562,32.70000076293945,4.960000038146973,4.619999885559082,15.079999923706055,7.25,4.570000171661377,39.0,41.09000015258789,16.520000457763672,20.6200008392334,42.39288330078125,12.050000190734863,38.41999816894531,28.059999465942383,13.960530281066895,15.899999618530273,28.993555068969727,13.417810440063477,8.449999809265137,14.15999984741211,10.710000038146973,5.110000133514404,45.0,19.023176193237305,8.213783264160156,24.907386779785156,19.850000381469727,18.68670082092285,60.150001525878906,6.590000152587891,21.554370880126953,4.340000152587891,7.78000020980835,1.1399999856948853,13.729999542236328,6.96999979019165,23.5,19.6200008392334,27.510000228881836,24.520000457763672,40.04999923706055,7.5,6.110000133514404,24.149999618530273,2.9504940509796143,30.989999771118164,18.399999618530273,55.709999084472656,27.479999542236328,25.790000915527344,17.5,51.119998931884766,45.02000045776367,36.0099983215332,39.45528030395508,11.40999984741211,30.510000228881836,12.676856994628906,7.909999847412109,87.2244644165039,2.430000066757202,16.280000686645508,37.772220611572266,10.319999694824219
2023-02-03,42.4900016784668,17.43000030517578,12.699999809265137,12.979999542236328,86.52999877929688,19.1200008392334,11.420000076293945,12.068739891052246,5.570000171661377,34.530155181884766,12.23181438446045,13.610074996948242,30.260000228881836,38.07545852661133,22.020000457763672,7.730000019073486,20.06999969482422,15.579999923706055,11.25,11.170000076293945,4.940000057220459,2.2300000190734863,7.460000038146973,15.899999618530273,31.790000915527344,4.949999809265137,4.360000133514404,14.479999542236328,7.150000095367432,4.28000020980835,38.0,39.9900016784668,16.469999313354492,20.440000534057617,41.63953399658203,11.770000457763672,37.939998626708984,27.190000534057617,13.441996574401855,15.109999656677246,29.352785110473633,13.526898384094238,7.78000020980835,14.0,10.039999961853027,4.630000114440918,44.88999938964844,18.4361629486084,8.134804725646973,24.81846809387207,19.690000534057617,19.011428833007812,57.93000030517578,5.989999771118164,20.05011749267578,4.269999980926514,7.699999809265137,1.0700000524520874,13.5600004196167,6.570000171661377,22.540000915527344,18.90999984741211,27.84000015258789,24.790000915527344,40.16999816894531,7.179999828338623,5.730000019073486,23.6200008392334,2.9891889095306396,29.559999465942383,18.040000915527344,53.5,27.100000381469727,25.68000030517578,17.6299991607666,51.119998931884766,46.310001373291016,35.72999954223633,38.88621139526367,11.140000343322754,29.709999084472656,12.240065574645996,7.829999923706055,87.03854370117188,2.309999942779541,15.649999618530273,37.64313507080078,9.0
2023-02-06,43.650001525878906,17.8700008392334,12.399999618530273,13.020000457763672,85.41000366210938,19.219999313354492,11.420000076293945,12.068739891052246,5.5,34.70090866088867,12.251785278320312,13.560148239135742,29.84000015258789,38.289146423339844,21.989999771118164,7.170000076293945,20.100000381469727,15.270000457763672,11.380000114440918,11.329999923706055,5.110000133514404,2.2200000286102295,7.570000171661377,15.970000267028809,31.979999542236328,4.909999847412109,4.289999961853027,14.039999961853027,7.21999979019165,4.139999866485596,38.209999084472656,40.279998779296875,16.459999084472656,20.549999237060547,40.98402404785156,11.75,38.189998626708984,26.93000030517578,12.863631248474121,14.84000015258789,29.1164493560791,13.467395782470703,7.619999885559082,14.199999809265137,9.710000038146973,4.599999904632568,45.11000061035156,18.88388442993164,8.14467716217041,24.828346252441406,19.1200008392334,18.78510284423828,57.810001373291016,5.800000190734863,19.990739822387695,4.130000114440918,7.179999828338623,1.059999942779541,13.479999542236328,6.460000038146973,23.0,18.84000015258789,28.850000381469727,25.780000686645508,41.20000076293945,7.099999904632568,5.440000057220459,23.6299991607666,3.047231674194336,29.31999969482422,17.540000915527344,53.52000045776367,27.540000915527344,26.020000457763672,17.270000457763672,51.4900016784668,45.959999084472656,36.09000015258789,38.53678512573242,11.199999809265137,30.079999923706055,12.766200065612793,7.670000076293945,85.952392578125,2.200000047683716,16.260000228881836,37.30552673339844,8.930000305175781
2023-02-07,43.689998626708984,17.6200008392334,12.15999984741211,12.960000038146973,83.5,18.850000381469727,11.0600004196167,11.84949016571045,5.239999771118164,34.92858123779297,12.171903610229492,13.480264663696289,29.8700008392334,37.7646369934082,22.1299991607666,6.679999828338623,20.15999984741211,15.0,11.260000228881836,10.970000267028809,5.050000190734863,2.200000047683716,7.369999885559082,16.010000228881836,31.299999237060547,4.929999828338623,4.150000095367432,14.029999732971191,7.019999980926514,3.9700000286102295,36.869998931884766,38.900001525878906,16.969999313354492,19.940000534057617,39.52625274658203,11.59000015258789,37.36000061035156,26.450000762939453,12.813773155212402,15.0,29.532400131225586,13.645903587341309,7.440000057220459,13.90999984741211,9.539999961853027,4.650000095367432,44.5099983215332,18.78438949584961,8.055826187133789,24.25531005859375,18.790000915527344,18.962228775024414,57.290000915527344,5.400000095367432,19.56519317626953,4.050000190734863,6.809999942779541,1.0399999618530273,13.680000305175781,6.360000133514404,22.899999618530273,18.3799991607666,28.700000762939453,25.6200008392334,41.630001068115234,6.900000095367432,5.429999828338623,23.709999084472656,3.0278842449188232,28.739999771118164,17.709999084472656,51.66999816894531,27.81999969482422,26.309999465942383,17.290000915527344,51.29999923706055,46.060001373291016,35.529998779296875,38.29718017578125,10.960000038146973,29.299999237060547,12.547804832458496,7.579999923706055,86.51993560791016,2.0999999046325684,15.920000076293945,37.404823303222656,8.779999732971191
2023-02-08,44.59000015258789,17.940000534057617,12.449999809265137,13.1899995803833,84.41000366210938,18.760000228881836,10.800000190734863,12.078706741333008,5.179999828338623,35.14676284790039,12.611250877380371,14.139299392700195,29.829999923706055,38.658241271972656,22.540000915527344,6.900000095367432,20.989999771118164,14.59000015258789,11.350000381469727,11.140000343322754,5.230000019073486,2.2300000190734863,7.539999961853027,16.200000762939453,31.5,4.980000019073486,4.199999809265137,14.640000343322754,7.099999904632568,4.070000171661377,37.279998779296875,39.11000061035156,16.639999389648438,20.3799991607666,40.48505401611328,11.729999542236328,38.060001373291016,26.959999084472656,13.372194290161133,15.220000267028809,29.4378662109375,13.596318244934082,7.039999961853027,14.430000305175781,9.649999618530273,4.480000019073486,45.11000061035156,19.17241668701172,8.737017631530762,26.260942459106445,18.81999969482422,18.942548751831055,58.54999923706055,5.550000190734863,19.891775131225586,4.21999979019165,7.010000228881836,1.0399999618530273,13.430000305175781,6.400000095367432,23.780000686645508,17.43000030517578,29.280000686645508,26.049999237060547,42.54999923706055,6.940000057220459,5.519999980926514,23.860000610351562,3.19233775138855,28.6299991607666,17.799999237060547,52.54999923706055,28.760000228881836,28.450000762939453,17.309999465942383,51.880001068115234,45.95000076293945,35.95000076293945,38.72647476196289,11.039999961853027,30.469999313354492,13.123574256896973,7.610000133514404,86.81349182128906,2.140000104904175,16.420000076293945,37.3948974609375,8.869999885559082
2023-02-09,43.470001220703125,17.420000076293945,11.779999732971191,13.020000457763672,81.11000061035156,18.520000457763672,9.520000457763672,11.610307693481445,5.03000020980835,33.30642318725586,12.321681022644043,13.779826164245605,29.639999389648438,38.45426940917969,22.15999984741211,6.880000114440918,20.790000915527344,13.890000343322754,11.109999656677246,10.859999656677246,5.170000076293945,2.180000066757202,7.349999904632568,15.579999923706055,29.889999389648438,4.889999866485596,3.930000066757202,14.729999542236328,6.889999866485596,3.950000047683716,36.459999084472656,38.630001068115234,16.25,19.709999084472656,38.225013732910156,11.460000038146973,37.43000030517578,26.219999313354492,13.063068389892578,14.859999656677246,27.10287857055664,12.53519058227539,6.650000095367432,14.640000343322754,8.800000190734863,4.489999771118164,44.880001068115234,18.356569290161133,8.509954452514648,25.608863830566406,18.600000381469727,19.090150833129883,56.66999816894531,5.46999979019165,19.050580978393555,4.110000133514404,6.71999979019165,1.0099999904632568,13.109999656677246,6.059999942779541,23.1299991607666,17.690000534057617,29.280000686645508,25.93000030517578,41.959999084472656,6.480000019073486,5.380000114440918,23.729999542236328,3.172990322113037,28.100000381469727,16.989999771118164,52.08000183105469,28.719999313354492,28.329999923706055,17.09000015258789,51.599998474121094,46.29999923706055,35.58000183105469,38.39701461791992,10.8100004196167,29.68000030517578,12.716565132141113,7.429999828338623,86.4905776977539,2.109999895095825,15.65999984741211,37.71263885498047,8.319999694824219
2023-02-10,44.58000183105469,17.469999313354492,9.579999923706055,12.859999656677246,77.41999816894531,18.6299991607666,8.8100004196167,11.759797096252441,5.230000019073486,34.103271484375,11.572794914245605,12.651477813720703,28.760000228881836,39.21189498901367,22.049999237060547,6.420000076293945,20.84000015258789,14.220000267028809,11.229999542236328,10.960000038146973,5.349999904632568,2.1600000858306885,7.449999809265137,15.65999984741211,30.969999313354492,4.900000095367432,3.7899999618530273,15.149999618530273,6.880000114440918,3.869999885559082,37.029998779296875,39.279998779296875,16.1200008392334,19.950000762939453,39.61430358886719,11.699999809265137,38.029998779296875,26.75,13.222617149353027,14.5,26.772008895874023,12.366600036621094,6.289999961853027,14.630000114440918,8.609999656677246,4.539999961853027,45.5,18.98337745666504,8.421102523803711,25.490304946899414,18.84000015258789,19.247596740722656,56.810001373291016,5.440000057220459,19.080270767211914,3.990000009536743,6.619999885559082,0.9700000286102295,13.1899995803833,6.119999885559082,23.65999984741211,18.200000762939453,30.079999923706055,26.719999313354492,42.75,6.519999980926514,5.420000076293945,23.75,3.105274200439453,28.360000610351562,17.540000915527344,53.0,28.90999984741211,28.389999389648438,17.059999465942383,51.779998779296875,46.400001525878906,36.099998474121094,39.01599884033203,11.289999961853027,30.059999465942383,12.885324478149414,7.340000152587891,84.93475341796875,2.049999952316284,15.399999618530273,38.328277587890625,8.539999961853027
2023-02-13,43.290000915527344,17.549999237060547,9.850000381469727,13.130000114440918,80.0999984741211,18.670000076293945,8.430000305175781,11.879387855529785,5.300000190734863,34.482723236083984,11.9122896194458,13.100820541381836,28.979999542236328,39.4352912902832,21.709999084472656,6.909999847412109,21.299999237060547,14.039999961853027,11.25,11.010000228881836,5.349999904632568,2.1700000762939453,7.489999771118164,15.699999809265137,30.969999313354492,4.829999923706055,3.7200000286102295,15.579999923706055,6.889999866485596,3.9000000953674316,36.63999938964844,38.65999984741211,16.0,20.049999237060547,39.624088287353516,11.75,38.61000061035156,26.610000610351562,13.511799812316895,14.850000381469727,27.027250289916992,12.495522499084473,6.190000057220459,14.520000457763672,8.979999542236328,4.579999923706055,45.400001525878906,18.595352172851562,8.62842082977295,26.389381408691406,19.389999389648438,19.316478729248047,56.599998474121094,5.539999961853027,19.1396484375,4.130000114440918,6.699999809265137,0.9399999976158142,12.970000267028809,6.150000095367432,23.549999237060547,18.200000762939453,30.229999542236328,26.799999237060547,42.040000915527344,6.570000171661377,5.340000152587891,23.540000915527344,3.11494779586792,28.200000762939453,17.510000228881836,53.5,28.790000915527344,27.940000534057617,16.989999771118164,51.65999984741211,46.709999084472656,36.29999923706055,39.21567153930664,11.529999732971191,29.90999984741211,12.954813957214355,7.300000190734863,84.8466796875,2.1600000858306885,15.739999771118164,38.30842208862305,8.579999923706055
2023-02-14,41.150001525878906,17.299999237060547,9.699999809265137,13.0,77.5199966430664,18.450000762939453,8.0,11.401022911071777,5.320000171661377,34.69142150878906,11.882333755493164,13.2206449508667,28.709999084472656,40.35803985595703,20.6299991607666,6.460000038146973,20.59000015258789,14.449999809265137,11.0600004196167,10.90999984741211,5.230000019073486,2.130000114440918,7.329999923706055,15.399999618530273,30.729999542236328,4.769999980926514,3.4700000286102295,15.270000457763672,6.730000019073486,3.9000000953674316,35.290000915527344,37.15999984741211,16.239999771118164,19.8700008392334,38.63593292236328,11.5600004196167,38.099998474121094,26.350000381469727,12.953377723693848,14.699999809265137,27.093425750732422,12.53519058227539,5.860000133514404,14.319999694824219,8.75,4.579999923706055,45.08000183105469,18.296871185302734,8.569188117980957,26.063343048095703,19.18000030517578,19.530000686645508,55.459999084472656,5.429999828338623,18.52606964111328,4.059999942779541,6.579999923706055,0.8700000047683716,12.699999809265137,6.150000095367432,23.549999237060547,18.299999237060547,30.049999237060547,26.700000762939453,40.86000061035156,6.46999979019165,5.039999961853027,23.0,2.8827779293060303,27.15999984741211,17.360000610351562,54.5,28.690000534057617,26.610000610351562,17.040000915527344,51.540000915527344,46.95000076293945,35.779998779296875,39.46525955200195,11.710000038146973,29.84000015258789,12.57758617401123,7.119999885559082,85.22830200195312,2.1500000953674316,15.289999961853027,38.0899658203125,8.029999732971191
2023-02-15,41.40999984741211,17.520000457763672,10.039999961853027,13.229999542236328,78.29000091552734,19.219999313354492,8.40999984741211,11.550512313842773,5.510000228881836,34.939998626708984,12.111992835998535,13.739885330200195,29.09000015258789,40.727142333984375,20.489999771118164,6.710000038146973,21.389999389648438,15.15999984741211,11.119999885559082,10.899999618530273,5.360000133514404,2.1700000762939453,7.429999828338623,15.710000038146973,30.65999984741211,5.019999980926514,3.4600000381469727,15.470000267028809,6.800000190734863,4.059999942779541,35.849998474121094,37.54999923706055,16.420000076293945,19.8799991607666,39.38927459716797,11.670000076293945,38.77000045776367,26.600000381469727,13.1328706741333,15.029999732971191,26.979984283447266,12.455854415893555,6.079999923706055,15.140000343322754,9.0600004196167,4.929999828338623,45.650001525878906,18.66499900817871,8.62842082977295,26.44866180419922,19.649999618530273,19.770000457763672,56.619998931884766,5.650000095367432,19.030786514282227,3.890000104904175,6.840000152587891,0.9100000262260437,13.119999885559082,6.510000228881836,23.770000457763672,18.649999618530273,30.18000030517578,26.739999771118164,40.900001525878906,6.510000228881836,5.190000057220459,23.459999084472656,2.9891889095306396,28.239999771118164,17.43000030517578,54.400001525878906,29.09000015258789,27.170000076293945,17.670000076293945,52.16999816894531,48.18000030517578,35.91999816894531,39.60503005981445,12.0600004196167,28.600000381469727,13.014375686645508,7.239999771118164,87.08747100830078,2.2699999809265137,15.609999656677246,38.60630798339844,8.359999656677246
2023-02-16,41.34000015258789,17.780000686645508,10.020000457763672,13.079999923706055,78.7300033569336,19.010000228881836,8.029999732971191,11.33126163482666,5.610000133514404,35.369998931884766,12.201859474182129,13.999505043029785,29.209999084472656,41.183658599853516,20.299999237060547,6.769999980926514,21.600000381469727,14.970000267028809,11.079999923706055,10.9399995803833,5.340000152587891,2.200000047683716,7.460000038146973,15.90999984741211,30.93000030517578,4.900000095367432,3.7100000381469727,14.800000190734863,6.800000190734863,4.170000076293945,35.970001220703125,37.33000183105469,16.239999771118164,19.979999542236328,39.291439056396484,11.84000015258789,39.04999923706055,26.479999542236328,12.983293533325195,15.34000015258789,27.28249168395996,12.604610443115234,5.96999979019165,15.359999656677246,9.1899995803833,5.130000114440918,46.33000183105469,19.391300201416016,8.64816665649414,26.646259307861328,19.010000228881836,19.719999313354492,58.09000015258789,5.699999809265137,19.17923355102539,3.809999942779541,6.760000228881836,0.9399999976158142,12.369999885559082,6.449999809265137,24.469999313354492,18.329999923706055,30.149999618530273,26.850000381469727,40.25,6.75,5.289999961853027,23.299999237060547,2.979515314102173,29.06999969482422,17.950000762939453,55.040000915527344,29.760000228881836,27.6299991607666,17.959999084472656,51.34000015258789,47.7599983215332,35.84000015258789,40.41370391845703,12.130000114440918,28.5,12.795981407165527,7.300000190734863,87.27339172363281,2.2899999618530273,15.579999923706055,38.50701141357422,8.380000114440918
2023-02-17,39.849998474121094,17.979999542236328,10.229999542236328,13.199999809265137,79.3499984741211,19.1200008392334,7.789999961853027,10.992420196533203,5.590000152587891,35.529998779296875,12.191874504089355,13.919621467590332,29.049999237060547,41.591609954833984,20.059999465942383,6.860000133514404,20.90999984741211,15.039999961853027,10.960000038146973,10.9399995803833,5.199999809265137,2.200000047683716,7.46999979019165,15.5600004196167,31.1299991607666,4.909999847412109,3.680000066757202,14.729999542236328,6.840000152587891,4.070000171661377,35.900001525878906,37.630001068115234,16.559999465942383,20.219999313354492,39.5849494934082,11.670000076293945,39.38999938964844,26.450000762939453,12.923462867736816,15.390000343322754,27.027250289916992,12.53519058227539,5.929999828338623,15.119999885559082,9.399999618530273,5.090000152587891,44.060001373291016,19.43109893798828,8.62842082977295,26.557340621948242,18.719999313354492,19.329999923706055,57.689998626708984,5.53000020980835,19.416748046875,3.6600000858306885,6.579999923706055,0.9200000166893005,12.380000114440918,6.320000171661377,24.850000381469727,17.399999618530273,29.690000534057617,26.440000534057617,38.209999084472656,6.650000095367432,5.400000095367432,23.760000228881836,2.9311466217041016,29.010000228881836,18.260000228881836,55.04999923706055,29.799999237060547,26.75,17.399999618530273,51.29999923706055,46.959999084472656,36.060001373291016,41.50191879272461,12.199999809265137,28.739999771118164,13.1136474609375,7.28000020980835,86.13831329345703,2.259999990463257,15.40999984741211,39.34109878540039,8.119999885559082
2023-02-22,39.0099983215332,17.729999542236328,9.829999923706055,13.210000038146973,76.5999984741211,18.829999923706055,7.349999904632568,10.813034057617188,5.349999904632568,35.36000061035156,12.002156257629395,13.779826164245605,28.440000534057617,40.562015533447266,19.84000015258789,6.400000095367432,20.610000610351562,14.619999885559082,10.960000038146973,10.680000305175781,5.010000228881836,2.2200000286102295,7.210000038146973,15.329999923706055,30.700000762939453,4.909999847412109,3.559999942779541,15.1899995803833,6.71999979019165,4.110000133514404,34.779998779296875,36.779998779296875,16.100000381469727,19.81999969482422,38.518524169921875,11.420000076293945,39.13999938964844,25.860000610351562,12.654223442077637,15.170000076293945,26.61130142211914,12.317014694213867,5.679999828338623,14.899999618530273,9.100000381469727,4.940000057220459,43.790000915527344,18.98337745666504,8.45072078704834,26.063343048095703,17.90999984741211,18.920000076293945,55.540000915527344,5.170000076293945,18.496381759643555,3.5199999809265137,6.269999980926514,0.9100000262260437,11.399999618530273,6.21999979019165,24.350000381469727,17.190000534057617,28.950000762939453,25.760000228881836,37.599998474121094,6.829999923706055,5.199999809265137,23.530000686645508,2.979515314102173,28.049999237060547,18.0,53.380001068115234,29.43000030517578,26.559999465942383,17.350000381469727,50.0,46.040000915527344,35.619998931884766,39.64496612548828,12.430000305175781,28.209999084472656,13.2824068069458,7.090000152587891,85.48271179199219,2.069999933242798,15.130000114440918,38.34872817993164,7.690000057220459
2023-02-23,39.29999923706055,17.729999542236328,9.90999984741211,13.25,76.69999694824219,18.770000457763672,7.260000228881836,10.743271827697754,5.369999885559082,35.15999984741211,12.022126197814941,13.719913482666016,28.3799991607666,40.89226150512695,20.1299991607666,6.5,20.729999542236328,14.260000228881836,11.020000457763672,10.6899995803833,4.909999847412109,2.1700000762939453,7.139999866485596,15.210000038146973,30.520000457763672,4.889999866485596,3.4700000286102295,15.210000038146973,6.840000152587891,4.150000095367432,34.66999816894531,36.31999969482422,16.06999969482422,19.709999084472656,38.107608795166016,11.289999961853027,39.029998779296875,26.049999237060547,12.714055061340332,14.84000015258789,26.8949031829834,12.396350860595703,5.570000171661377,15.329999923706055,9.149999618530273,4.829999923706055,44.099998474121094,19.19231414794922,8.45072078704834,26.16214370727539,18.899999618530273,18.90999984741211,55.33000183105469,5.190000057220459,18.981306076049805,3.559999942779541,6.289999961853027,0.8999999761581421,11.800000190734863,6.309999942779541,24.600000381469727,16.969999313354492,30.030000686645508,26.549999237060547,37.470001220703125,6.909999847412109,5.010000228881836,23.270000457763672,2.9408202171325684,27.65999984741211,17.90999984741211,52.709999084472656,29.780000686645508,26.950000762939453,17.43000030517578,50.349998474121094,46.150001525878906,35.709999084472656,39.43531036376953,12.399999618530273,28.75,13.609999656677246,7.0,85.0815200805664,1.9900000095367432,15.09000015258789,39.18760681152344,7.690000057220459
2023-02-24,39.13999938964844,17.510000228881836,9.4399995803833,13.319999694824219,74.63999938964844,18.690000534057617,7.619999885559082,10.390000343322754,5.340000152587891,34.099998474121094,11.772497177124023,13.280557632446289,27.68000030517578,40.10646438598633,19.8700008392334,6.460000038146973,20.299999237060547,14.149999618530273,11.020000457763672,10.550000190734863,4.849999904632568,2.119999885559082,7.110000133514404,14.699999809265137,30.389999389648438,4.619999885559082,3.4000000953674316,15.020000457763672,6.420000076293945,4.139999866485596,34.5099983215332,36.189998626708984,16.079999923706055,19.639999389648438,37.960853576660156,11.180000305175781,39.0099983215332,25.700000762939453,12.554506301879883,14.649999618530273,26.516767501831055,12.257512092590332,5.650000095367432,14.899999618530273,8.979999542236328,4.75,43.45000076293945,19.142566680908203,8.213783264160156,25.361865997314453,18.809999465942383,19.030000686645508,55.0,5.099999904632568,18.813066482543945,3.609999895095825,6.300000190734863,0.8799999952316284,11.520000457763672,6.159999847412109,24.510000228881836,16.739999771118164,29.579999923706055,25.899999618530273,37.599998474121094,6.920000076293945,4.909999847412109,22.940000534057617,2.7957141399383545,26.860000610351562,18.010000228881836,52.689998626708984,29.139999389648438,25.959999084472656,16.520000457763672,50.7400016784668,46.150001525878906,35.45000076293945,39.2056884765625,12.4399995803833,27.790000915527344,13.550000190734863,6.829999923706055,83.21257019042969,1.9600000381469727,14.899999618530273,38.80811309814453,7.570000171661377
2023-02-27,39.13999938964844,17.559999465942383,9.699999809265137,13.399999618530273,75.0,18.389999389648438,7.400000095367432,10.5600004196167,5.179999828338623,34.290000915527344,11.76251220703125,13.150747299194336,27.610000610351562,39.56153869628906,19.860000610351562,6.46999979019165,19.90999984741211,14.229999542236328,10.979999542236328,10.550000190734863,4.789999961853027,2.0899999141693115,7.119999885559082,14.970000267028809,30.299999237060547,4.630000114440918,3.259999990463257,15.149999618530273,6.349999904632568,4.050000190734863,34.61000061035156,36.31999969482422,16.079999923706055,19.639999389648438,38.15652847290039,11.229999542236328,39.099998474121094,25.510000228881836,12.893547058105469,14.529999732971191,26.658567428588867,12.317014694213867,5.590000152587891,14.970000267028809,9.010000228881836,4.550000190734863,42.599998474121094,19.19231414794922,8.14467716217041,25.035825729370117,18.75,19.06999969482422,54.81999969482422,5.0,19.0010986328125,3.6500000953674316,6.449999809265137,0.8799999952316284,11.300000190734863,6.159999847412109,25.100000381469727,16.739999771118164,30.06999969482422,26.149999618530273,37.02000045776367,6.679999828338623,4.730000019073486,22.799999237060547,2.9408202171325684,26.5,18.079999923706055,53.36000061035156,28.700000762939453,27.290000915527344,16.729999542236328,49.2400016784668,46.34000015258789,35.310001373291016,39.36542510986328,12.270000457763672,27.969999313354492,13.40999984741211,6.849999904632568,83.21257019042969,2.0,14.65999984741211,38.748191833496094,7.480000019073486
2023-02-28,36.40999984741211,17.079999923706055,9.430000305175781,13.390000343322754,74.5999984741211,18.139999389648438,7.130000114440918,10.550000190734863,5.139999866485596,34.209999084472656,11.622720718383789,13.06087875366211,27.65999984741211,39.928123474121094,20.1200008392334,6.159999847412109,20.100000381469727,13.449999809265137,10.989999771118164,10.479999542236328,4.800000190734863,2.0199999809265137,7.050000190734863,14.979999542236328,30.290000915527344,4.659999847412109,3.0299999713897705,14.979999542236328,6.519999980926514,4.099999904632568,34.31999969482422,35.970001220703125,16.59000015258789,19.6299991607666,37.9412841796875,11.430000305175781,39.279998779296875,25.43000030517578,12.67416763305664,14.1899995803833,27.0650634765625,12.475687980651855,5.53000020980835,15.319999694824219,8.779999732971191,4.489999771118164,41.650001525878906,19.271909713745117,8.124932289123535,25.12474822998047,19.190000534057617,19.520000457763672,55.4900016784668,4.889999866485596,18.45679473876953,3.5899999141693115,6.369999885559082,0.8700000047683716,11.329999923706055,5.900000095367432,25.170000076293945,15.539999961853027,28.75,25.239999771118164,33.70000076293945,6.449999809265137,4.670000076293945,22.68000030517578,2.979515314102173,25.549999237060547,17.959999084472656,51.75,28.3799991607666,27.200000762939453,16.670000076293945,49.27000045776367,47.7400016784668,35.560001373291016,38.87622833251953,12.260000228881836,27.290000915527344,13.180000305175781,6.829999923706055,83.4865493774414,1.9299999475479126,14.789999961853027,39.10771179199219,7.050000190734863
2023-03-01,32.599998474121094,16.350000381469727,9.119999885559082,13.470000267028809,73.91999816894531,17.639999389648438,6.889999866485596,10.5,5.019999980926514,34.0099983215332,11.602749824523926,12.961024284362793,28.829999923706055,38.64012145996094,19.75,6.489999771118164,19.440000534057617,12.880000114440918,10.899999618530273,10.4399995803833,4.75,2.0,7.010000228881836,14.800000190734863,30.139999389648438,4.78000020980835,2.869999885559082,14.859999656677246,6.460000038146973,4.079999923706055,33.52000045776367,35.220001220703125,16.889999389648438,19.6299991607666,38.01955795288086,11.199999809265137,39.290000915527344,24.889999389648438,12.295238494873047,14.25,27.906415939331055,12.842619895935059,5.230000019073486,14.489999771118164,8.279999732971191,3.0199999809265137,41.27000045776367,18.296871185302734,8.069023132324219,24.71706199645996,19.200000762939453,19.600000381469727,53.31999969482422,4.46999979019165,17.71456527709961,3.2300000190734863,6.570000171661377,0.7900000214576721,11.40999984741211,5.699999809265137,25.440000534057617,14.279999732971191,28.75,25.299999237060547,33.380001068115234,6.369999885559082,4.679999828338623,22.5,2.9214727878570557,24.639999389648438,17.43000030517578,52.08000183105469,27.770000457763672,27.5,17.940000534057617,48.970001220703125,46.77000045776367,35.70000076293945,38.84000015258789,12.239999771118164,27.149999618530273,12.989999771118164,7.170000076293945,87.28317260742188,1.840000033378601,14.350000381469727,39.32741928100586,6.840000152587891
2023-03-02,31.290000915527344,16.40999984741211,9.329999923706055,13.130000114440918,72.7300033569336,17.5,6.789999961853027,10.59000015258789,5.010000228881836,34.56999969482422,11.420000076293945,12.789999961853027,28.56999969482422,37.0846061706543,20.469999313354492,6.739999771118164,19.3799991607666,12.760000228881836,10.760000228881836,10.350000381469727,4.78000020980835,1.9600000381469727,6.96999979019165,14.720000267028809,29.860000610351562,4.869999885559082,2.7899999618530273,14.789999961853027,6.510000228881836,3.990000009536743,33.16999816894531,35.0,17.3799991607666,22.520000457763672,37.42274856567383,11.119999885559082,39.38999938964844,24.940000534057617,11.976140975952148,13.970000267028809,27.95368194580078,12.892205238342285,5.059999942779541,14.369999885559082,8.050000190734863,2.9200000762939453,41.779998779296875,18.694847106933594,7.890811920166016,23.906343460083008,19.350000381469727,19.690000534057617,53.13999938964844,4.579999923706055,17.912494659423828,3.1500000953674316,6.650000095367432,0.8100000023841858,11.0,5.619999885559082,24.600000381469727,14.25,27.959999084472656,24.639999389648438,33.959999084472656,6.329999923706055,4.440000057220459,22.3700008392334,2.824735403060913,23.68000030517578,17.770000457763672,51.869998931884766,27.299999237060547,28.030000686645508,17.770000457763672,48.9900016784668,46.70000076293945,35.65999984741211,38.560001373291016,12.079999923706055,27.469999313354492,12.890000343322754,7.099999904632568,87.08747100830078,1.8300000429153442,14.239999771118164,39.10771179199219,6.690000057220459
2023-03-03,32.81999969482422,16.5,9.15999984741211,13.109999656677246,74.22000122070312,17.530000686645508,7.239999771118164,10.520000457763672,4.940000057220459,34.06999969482422,11.380000114440918,12.859999656677246,28.920000076293945,37.500728607177734,20.440000534057617,6.71999979019165,19.31999969482422,12.850000381469727,10.779999732971191,10.279999732971191,4.929999828338623,1.9800000190734863,6.940000057220459,14.739999771118164,29.59000015258789,4.989999771118164,2.799999952316284,14.729999542236328,6.510000228881836,3.930000066757202,32.7599983215332,34.779998779296875,17.950000762939453,22.110000610351562,37.168373107910156,11.140000343322754,39.2599983215332,25.1299991607666,11.876422882080078,13.90999984741211,27.81188201904297,12.822786331176758,5.130000114440918,14.390000343322754,7.929999828338623,2.680000066757202,41.869998931884766,17.978492736816406,7.910613059997559,23.936002731323242,19.65999984741211,19.729999542236328,52.95000076293945,4.75,17.566120147705078,3.0199999809265137,6.769999980926514,0.8600000143051147,11.800000190734863,5.53000020980835,23.459999084472656,14.40999984741211,28.979999542236328,25.700000762939453,34.709999084472656,6.190000057220459,4.25,22.5,2.737671375274658,23.110000610351562,17.690000534057617,51.41999816894531,26.8799991607666,27.5,18.239999771118164,49.0,48.20000076293945,35.70000076293945,38.15999984741211,12.0,27.709999084472656,13.0,7.179999828338623,87.38102722167969,1.7400000095367432,14.800000190734863,38.78813934326172,6.670000076293945
2023-03-06,32.95000076293945,16.8799991607666,9.359999656677246,13.5,74.5999984741211,17.649999618530273,9.989999771118164,10.960000038146973,5.059999942779541,34.880001068115234,11.720000267028809,13.289999961853027,28.520000457763672,38.3527946472168,20.68000030517578,7.190000057220459,19.780000686645508,12.970000267028809,10.970000267028809,10.4399995803833,4.980000019073486,2.009999990463257,7.010000228881836,15.100000381469727,29.709999084472656,4.989999771118164,3.3399999141693115,15.029999732971191,6.630000114440918,4.019999980926514,33.0,34.779998779296875,18.0,22.020000457763672,37.696693420410156,11.199999809265137,39.56999969482422,25.489999771118164,12.195520401000977,14.130000114440918,26.923263549804688,12.53519058227539,6.349999904632568,14.90999984741211,8.25,2.7200000286102295,42.400001525878906,18.489999771118164,8.078924179077148,24.479778289794922,20.020000457763672,19.6299991607666,53.34000015258789,4.869999885559082,17.952077865600586,3.190000057220459,6.920000076293945,0.9100000262260437,11.779999732971191,5.739999771118164,24.100000381469727,14.550000190734863,29.40999984741211,25.959999084472656,34.630001068115234,6.230000019073486,4.329999923706055,23.209999084472656,2.815061569213867,23.600000381469727,18.059999465942383,51.540000915527344,27.0,28.40999984741211,17.540000915527344,49.310001373291016,47.779998779296875,35.93000030517578,38.709999084472656,12.09000015258789,27.889999389648438,13.390000343322754,7.119999885559082,84.29871368408203,1.9199999570846558,14.949999809265137,39.37735366821289,6.730000019073486
2023-03-07,32.34000015258789,16.8799991607666,9.3100004196167,13.430000305175781,75.13999938964844,17.75,12.0,11.050000190734863,5.039999961853027,34.869998931884766,11.890000343322754,13.600000381469727,27.979999542236328,39.234580993652344,20.43000030517578,6.889999866485596,19.40999984741211,12.649999618530273,11.050000190734863,10.529999732971191,5.0,2.0199999809265137,6.960000038146973,15.220000267028809,29.920000076293945,4.929999828338623,3.6700000762939453,15.279999732971191,6.179999828338623,4.099999904632568,32.279998779296875,34.099998474121094,18.229999542236328,22.239999771118164,38.058692932128906,11.369999885559082,40.45000076293945,25.5,12.404928207397461,14.130000114440918,26.554580688476562,12.386433601379395,6.710000038146973,15.239999771118164,8.3100004196167,2.680000066757202,41.790000915527344,18.760000228881836,8.049222946166992,24.548986434936523,19.600000381469727,19.469999313354492,53.40999984741211,4.760000228881836,18.051042556762695,3.2200000286102295,6.949999809265137,0.9200000166893005,11.859999656677246,5.690000057220459,24.219999313354492,14.779999732971191,28.520000457763672,25.100000381469727,33.59000015258789,6.199999809265137,4.510000228881836,23.389999389648438,2.815061569213867,23.5,18.3700008392334,51.900001525878906,27.34000015258789,28.239999771118164,17.299999237060547,48.849998474121094,47.75,35.90999984741211,39.220001220703125,12.25,27.59000015258789,13.199999809265137,7.03000020980835,83.496337890625,1.8799999952316284,14.729999542236328,39.537139892578125,6.739999771118164
2023-03-08,33.36000061035156,17.540000915527344,9.970000267028809,13.619999885559082,77.62000274658203,18.040000915527344,11.979999542236328,11.649999618530273,5.309999942779541,34.86000061035156,12.199999809265137,14.020000457763672,28.280000686645508,39.63089370727539,20.68000030517578,7.079999923706055,20.690000534057617,13.130000114440918,11.619999885559082,10.739999771118164,5.260000228881836,2.200000047683716,7.070000171661377,15.5,30.649999618530273,5.079999923706055,3.799999952316284,15.960000038146973,6.480000019073486,4.5,33.06999969482422,34.88999938964844,18.149999618530273,22.239999771118164,39.09576416015625,11.84000015258789,40.400001525878906,26.049999237060547,13.441996574401855,14.670000076293945,27.05560874938965,12.604610443115234,7.210000038146973,15.449999809265137,8.979999542236328,2.9200000762939453,42.31999969482422,19.450000762939453,8.217533111572266,24.855478286743164,19.860000610351562,19.700000762939453,56.0,5.320000171661377,19.396955490112305,3.430000066757202,6.989999771118164,0.9599999785423279,11.890000343322754,5.960000038146973,25.239999771118164,14.789999961853027,28.959999084472656,25.420000076293945,34.470001220703125,6.769999980926514,4.929999828338623,24.299999237060547,2.844082832336426,24.899999618530273,19.0,53.15999984741211,27.43000030517578,28.81999969482422,17.989999771118164,47.810001373291016,47.439998626708984,36.20000076293945,39.040000915527344,12.40999984741211,28.030000686645508,13.770000457763672,7.289999961853027,84.25957489013672,1.9500000476837158,15.180000305175781,40.10637664794922,7.559999942779541
2023-03-09,31.329999923706055,17.540000915527344,9.729999542236328,13.600000381469727,77.69999694824219,17.8700008392334,14.25,11.579999923706055,5.380000114440918,34.58000183105469,12.140000343322754,13.970000267028809,27.610000610351562,38.7689208984375,20.5,6.989999771118164,20.979999542236328,12.789999961853027,11.710000038146973,10.470000267028809,5.230000019073486,2.2200000286102295,6.760000228881836,15.470000267028809,30.530000686645508,4.829999923706055,4.170000076293945,16.40999984741211,7.050000190734863,4.639999866485596,32.08000183105469,34.040000915527344,17.979999542236328,22.06999969482422,39.44797897338867,11.880000114440918,41.29999923706055,26.1200008392334,13.701263427734375,14.779999732971191,25.883390426635742,12.049253463745117,7.869999885559082,15.0,9.050000190734863,1.940000057220459,41.20000076293945,19.280000686645508,8.128427505493164,24.380910873413086,19.6299991607666,19.5,55.959999084472656,5.71999979019165,19.129751205444336,3.390000104904175,7.03000020980835,0.9800000190734863,11.770000457763672,6.340000152587891,25.020000457763672,14.510000228881836,28.600000381469727,25.309999465942383,33.43000030517578,6.289999961853027,4.889999866485596,24.0,2.7086503505706787,24.559999465942383,19.079999923706055,52.130001068115234,27.43000030517578,27.549999237060547,16.540000915527344,47.0,46.470001220703125,36.099998474121094,39.38999938964844,12.300000190734863,27.700000762939453,13.65999984741211,7.119999885559082,83.15386199951172,1.940000057220459,15.279999732971191,39.80677795410156,7.570000171661377
2023-03-10,28.90999984741211,17.350000381469727,9.630000114440918,13.510000228881836,68.69999694824219,16.8700008392334,12.640000343322754,11.260000228881836,5.150000095367432,34.0099983215332,11.819999694824219,13.569999694824219,27.25,38.03574752807617,19.3799991607666,6.590000152587891,,12.600000381469727,11.550000190734863,10.510000228881836,5.099999904632568,2.130000114440918,6.739999771118164,14.979999542236328,30.360000610351562,4.75,3.430000066757202,15.920000076293945,6.71999979019165,4.5,31.81999969482422,33.779998779296875,19.0,22.0,,11.760000228881836,40.93000030517578,26.15999984741211,13.611516952514648,14.5,25.514707565307617,11.870746612548828,7.309999942779541,14.640000343322754,8.859999656677246,2.4700000286102295,40.45000076293945,,7.989818096160889,23.797588348388672,19.110000610351562,,54.90999984741211,5.78000020980835,18.733896255493164,3.4000000953674316,6.829999923706055,0.9800000190734863,11.680000305175781,6.429999828338623,25.06999969482422,13.899999618530273,28.399999618530273,24.979999542236328,33.209999084472656,5.960000038146973,4.849999904632568,23.989999771118164,2.631260395050049,23.34000015258789,19.020000457763672,50.810001373291016,,27.200000762939453,15.920000076293945,46.720001220703125,45.06999969482422,,38.959999084472656,12.199999809265137,27.399999618530273,13.489999771118164,6.929999828338623,82.87987518310547,1.8200000524520874,15.289999961853027,39.487205505371094,7.28000020980835
2023-03-13,27.350000381469727,17.350000381469727,9.859999656677246,13.609999656677246,68.56999969482422,16.690000534057617,12.380000114440918,11.350000381469727,5.050000190734863,33.2400016784668,11.720000267028809,13.420000076293945,27.420000076293945,37.79796600341797,18.93000030517578,6.559999942779541,19.530000686645508,12.869999885559082,11.800000190734863,10.5600004196167,5.090000152587891,2.190000057220459,6.820000171661377,14.470000267028809,31.0,4.889999866485596,3.549999952316284,16.09000015258789,6.360000133514404,4.610000133514404,31.889999389648438,33.81999969482422,18.799999237060547,22.09000015258789,38.655494689941406,11.649999618530273,41.20000076293945,26.270000457763672,13.860812187194824,14.59000015258789,25.24056053161621,11.771574974060059,7.199999809265137,14.8100004196167,8.930000305175781,2.5,40.459999084472656,18.950000762939453,7.871010780334473,23.5108699798584,18.790000915527344,18.719999313354492,54.7400016784668,6.119999885559082,19.020891189575195,3.7200000286102295,6.829999923706055,0.9300000071525574,11.529999732971191,6.900000095367432,24.649999618530273,14.140000343322754,27.5,24.190000534057617,31.770000457763672,6.349999904632568,4.75,24.170000076293945,2.534522533416748,23.649999618530273,18.959999084472656,51.779998779296875,26.34000015258789,25.6200008392334,16.059999465942383,46.79999923706055,44.58000183105469,36.349998474121094,39.06999969482422,12.510000228881836,28.049999237060547,13.229999542236328,6.929999828338623,83.22235870361328,2.0399999618530273,15.069999694824219,39.736873626708984,7.380000114440918
2023-03-14,28.190000534057617,17.40999984741211,9.470000267028809,13.949999809265137,66.9800033569336,16.559999465942383,12.729999542236328,11.4399995803833,4.880000114440918,33.25,11.640000343322754,13.34000015258789,27.5,37.5099983215332,18.479999542236328,6.599999904632568,19.5,12.880000114440918,11.729999542236328,10.75,5.139999866485596,2.180000066757202,6.880000114440918,14.569999694824219,31.75,4.860000133514404,3.2699999809265137,15.699999809265137,6.230000019073486,4.610000133514404,32.279998779296875,34.45000076293945,19.530000686645508,22.1299991607666,38.80225372314453,11.369999885559082,41.59000015258789,26.079999923706055,13.92064380645752,14.40999984741211,25.571428298950195,11.960000038146973,7.28000020980835,12.220000267028809,8.680000305175781,2.4800000190734863,40.66999816894531,19.09000015258789,7.871010780334473,23.43177604675293,19.010000228881836,18.440000534057617,52.5099983215332,6.0,18.27865982055664,3.7300000190734863,6.78000020980835,0.8999999761581421,11.260000228881836,6.949999809265137,24.760000228881836,13.960000038146973,27.010000228881836,23.760000228881836,32.209999084472656,6.199999809265137,4.519999980926514,24.399999618530273,2.621586561203003,22.450000762939453,18.56999969482422,52.47999954223633,26.43000030517578,25.889999389648438,15.720000267028809,46.900001525878906,44.970001220703125,36.599998474121094,39.43000030517578,12.779999732971191,28.540000915527344,13.210000038146973,7.010000228881836,83.9800033569336,2.059999942779541,14.920000076293945,40.206241607666016,7.21999979019165
2023-03-15,27.18000030517578,17.700000762939453,9.300000190734863,14.020000457763672,67.9000015258789,16.739999771118164,12.920000076293945,11.539999961853027,4.960000038146973,32.849998474121094,11.859999656677246,13.529999732971191,26.780000686645508,37.54999923706055,18.350000381469727,6.690000057220459,19.579999923706055,12.5600004196167,11.800000190734863,10.920000076293945,5.099999904632568,2.2799999713897705,7.050000190734863,14.34000015258789,32.18000030517578,4.690000057220459,3.069999933242798,15.6899995803833,6.190000057220459,4.550000190734863,33.86000061035156,36.52000045776367,19.510000228881836,22.110000610351562,39.42841339111328,11.729999542236328,42.06999969482422,27.040000915527344,14.429205894470215,14.569999694824219,24.380952835083008,11.470000267028809,7.170000076293945,13.029999732971191,8.970000267028809,2.5199999809265137,41.150001525878906,19.600000381469727,7.900712966918945,23.372453689575195,19.25,17.920000076293945,52.900001525878906,5.980000019073486,18.347936630249023,3.809999942779541,6.869999885559082,1.0299999713897705,11.09000015258789,7.449999809265137,25.399999618530273,13.880000114440918,26.350000381469727,23.34000015258789,31.149999618530273,6.309999942779541,4.440000057220459,24.5,2.621586561203003,23.770000457763672,18.489999771118164,53.369998931884766,26.3799991607666,25.670000076293945,14.770000457763672,46.5,44.220001220703125,37.25,40.08000183105469,12.960000038146973,28.829999923706055,13.119999885559082,6.889999866485596,81.44999694824219,2.119999885559082,14.90999984741211,40.01649856567383,7.360000133514404
2023-03-16,27.200000762939453,17.610000610351562,9.229999542236328,14.260000228881836,68.91999816894531,16.25,13.359999656677246,11.859999656677246,5.099999904632568,33.0,12.039999961853027,13.90999984741211,26.709999084472656,37.95000076293945,18.420000076293945,6.690000057220459,20.34000015258789,12.399999618530273,11.90999984741211,10.84000015258789,5.119999885559082,2.259999990463257,6.960000038146973,14.289999961853027,31.40999984741211,4.679999828338623,3.319999933242798,15.930000305175781,6.46999979019165,4.739999771118164,33.70000076293945,36.459999084472656,19.989999771118164,22.049999237060547,39.115333557128906,11.369999885559082,40.90999984741211,26.760000228881836,14.867964744567871,14.84000015258789,24.63809585571289,11.5600004196167,7.300000190734863,13.550000190734863,8.9399995803833,2.640000104904175,41.56999969482422,19.709999084472656,7.960116863250732,23.758041381835938,19.979999542236328,18.0,55.790000915527344,6.760000228881836,18.50627899169922,3.890000104904175,7.099999904632568,1.0800000429153442,11.329999923706055,7.659999847412109,25.1299991607666,14.170000076293945,26.25,23.260000228881836,31.700000762939453,6.820000171661377,4.329999923706055,24.420000076293945,2.6409339904785156,23.25,18.649999618530273,53.5,26.690000534057617,25.360000610351562,14.779999732971191,45.790000915527344,43.9900016784668,35.75,40.16999816894531,12.770000457763672,28.950000762939453,13.34000015258789,6.989999771118164,81.75,2.059999942779541,14.829999923706055,40.24618911743164,7.360000133514404
2023-03-17,31.75,17.610000610351562,9.050000190734863,14.220000267028809,66.77999877929688,15.920000076293945,12.979999542236328,11.300000190734863,5.03000020980835,32.41999816894531,11.65999984741211,13.329999923706055,26.81999969482422,37.29999923706055,18.90999984741211,7.0,19.809999465942383,12.210000038146973,11.920000076293945,10.520000457763672,4.889999866485596,2.2300000190734863,6.710000038146973,14.180000305175781,29.350000381469727,4.619999885559082,3.259999990463257,14.739999771118164,6.199999809265137,5.159999847412109,32.25,34.70000076293945,20.170000076293945,22.030000686645508,36.600914001464844,11.5,40.0,25.420000076293945,13.272476196289062,14.510000228881836,24.28571319580078,11.390000343322754,7.090000152587891,13.65999984741211,8.619999885559082,2.369999885559082,40.9900016784668,19.56999969482422,7.781905174255371,23.075849533081055,20.489999771118164,18.18000030517578,53.7400016784668,6.260000228881836,17.88280487060547,3.7799999713897705,7.329999923706055,1.059999942779541,11.699999809265137,7.260000228881836,24.34000015258789,14.079999923706055,26.360000610351562,23.510000228881836,31.3700008392334,6.670000076293945,4.130000114440918,23.770000457763672,2.4700000286102295,21.979999542236328,18.780000686645508,51.75,25.6299991607666,24.309999465942383,14.600000381469727,45.400001525878906,43.59000015258789,35.47999954223633,38.7599983215332,12.789999961853027,28.510000228881836,13.289999961853027,6.940000057220459,82.7300033569336,2.0899999141693115,14.40999984741211,39.81676483154297,7.570000171661377
2023-03-20,30.809999465942383,17.0,8.420000076293945,14.119999885559082,63.959999084472656,16.049999237060547,12.800000190734863,11.180000305175781,4.889999866485596,32.25,11.619999885559082,13.100000381469727,27.059999465942383,37.09000015258789,18.260000228881836,6.820000171661377,19.3799991607666,12.149999618530273,11.720000267028809,10.479999542236328,4.949999809265137,2.1600000858306885,6.699999809265137,14.149999618530273,29.360000610351562,4.690000057220459,3.140000104904175,14.25,6.0,4.849999904632568,31.940000534057617,34.380001068115234,19.950000762939453,21.81999969482422,36.473724365234375,10.9399995803833,39.95000076293945,25.190000534057617,12.384984970092773,13.970000267028809,24.14285659790039,11.369999885559082,7.070000171661377,12.949999809265137,8.15999984741211,2.180000066757202,40.810001373291016,19.020000457763672,7.8314080238342285,23.135169982910156,19.0,18.059999465942383,53.060001373291016,5.860000133514404,17.279123306274414,3.7100000381469727,7.139999866485596,1.0399999618530273,11.199999809265137,7.119999885559082,23.829999923706055,13.640000343322754,25.739999771118164,22.93000030517578,30.989999771118164,6.340000152587891,3.859999895095825,23.600000381469727,2.4700000286102295,21.540000915527344,18.510000228881836,50.47999954223633,25.610000610351562,25.290000915527344,14.329999923706055,45.58000183105469,43.22999954223633,35.54999923706055,38.97999954223633,12.670000076293945,27.809999465942383,13.229999542236328,6.849999904632568,83.41000366210938,2.009999990463257,14.079999923706055,39.70000076293945,7.110000133514404
2023-03-21,29.84000015258789,16.940000534057617,8.710000038146973,13.949999809265137,64.20999908447266,16.1299991607666,12.9399995803833,11.170000076293945,4.860000133514404,32.310001373291016,11.579999923706055,13.140000343322754,26.610000610351562,37.529998779296875,18.15999984741211,6.590000152587891,19.329999923706055,11.640000343322754,11.770000457763672,10.40999984741211,4.989999771118164,2.140000104904175,6.579999923706055,13.829999923706055,29.079999923706055,4.5,3.2200000286102295,14.210000038146973,5.860000133514404,4.809999942779541,30.829999923706055,33.220001220703125,20.280000686645508,21.760000228881836,36.19000244140625,10.899999618530273,39.68000030517578,25.06999969482422,12.424872398376465,14.4399995803833,24.399999618530273,11.4399995803833,6.960000038146973,13.039999961853027,8.359999656677246,2.2200000286102295,40.33000183105469,19.149999618530273,7.920514106750488,23.609737396240234,19.139999389648438,18.059999465942383,52.06999969482422,5.510000228881836,17.417673110961914,3.700000047683716,7.03000020980835,1.0299999713897705,11.270000457763672,7.170000076293945,23.790000915527344,13.880000114440918,26.309999465942383,23.399999618530273,31.719999313354492,6.550000190734863,3.9100000858306885,23.719999313354492,2.380000114440918,21.610000610351562,18.56999969482422,49.439998626708984,25.959999084472656,25.15999984741211,14.149999618530273,45.380001068115234,42.95000076293945,34.849998474121094,38.439998626708984,12.539999961853027,27.950000762939453,13.619999885559082,6.789999961853027,82.70999908447266,2.009999990463257,14.25,39.959999084472656,7.349999904632568
2023-03-22,30.239999771118164,16.8799991607666,8.239999771118164,13.949999809265137,62.5,15.210000038146973,12.279999732971191,11.039999961853027,4.789999961853027,32.400001525878906,11.489999771118164,13.020000457763672,26.510000228881836,37.619998931884766,17.5,6.139999866485596,19.030000686645508,11.520000457763672,12.09000015258789,10.4399995803833,5.010000228881836,2.140000104904175,6.659999847412109,13.800000190734863,29.540000915527344,4.519999980926514,3.1500000953674316,14.130000114440918,5.730000019073486,4.809999942779541,30.729999542236328,33.5099983215332,20.18000030517578,21.829999923706055,36.4900016784668,10.550000190734863,39.58000183105469,25.15999984741211,12.993265151977539,14.329999923706055,24.5,11.479999542236328,6.650000095367432,13.329999923706055,8.220000267028809,2.2100000381469727,40.02000045776367,19.079999923706055,7.821507930755615,23.471323013305664,18.520000457763672,17.989999771118164,52.0,5.53000020980835,17.270000457763672,3.5899999141693115,6.730000019073486,1.0299999713897705,11.300000190734863,7.5,24.100000381469727,13.4399995803833,26.079999923706055,23.329999923706055,31.350000381469727,6.28000020980835,3.9100000858306885,23.649999618530273,2.3299999237060547,21.260000228881836,18.420000076293945,49.599998474121094,25.920000076293945,24.549999237060547,14.239999771118164,45.880001068115234,42.880001068115234,34.689998626708984,38.31999969482422,12.600000381469727,27.8799991607666,13.579999923706055,6.800000190734863,81.68000030517578,1.9900000095367432,13.329999923706055,39.52000045776367,7.190000057220459
2023-03-23,29.450000762939453,15.899999618530273,7.849999904632568,13.779999732971191,61.209999084472656,15.25,11.1899995803833,10.420000076293945,4.610000133514404,32.650001525878906,11.239999771118164,12.569999694824219,25.719999313354492,37.209999084472656,16.639999389648438,5.550000190734863,18.290000915527344,11.350000381469727,11.569999694824219,10.520000457763672,4.909999847412109,2.0299999713897705,6.610000133514404,13.640000343322754,29.170000076293945,4.480000019073486,2.9800000190734863,13.260000228881836,5.460000038146973,4.670000076293945,30.530000686645508,33.290000915527344,20.540000915527344,21.889999389648438,36.56999969482422,10.15999984741211,39.380001068115234,24.530000686645508,12.135689735412598,14.229999542236328,24.299999237060547,11.359999656677246,5.980000019073486,13.329999923706055,8.0,2.069999933242798,39.470001220703125,18.329999923706055,7.702700138092041,22.88800048828125,18.229999542236328,18.059999465942383,50.060001373291016,5.110000133514404,16.81999969482422,3.109999895095825,6.369999885559082,0.9700000286102295,11.449999809265137,6.989999771118164,23.440000534057617,13.579999923706055,25.56999969482422,22.799999237060547,29.93000030517578,5.800000190734863,3.640000104904175,23.56999969482422,2.259999990463257,20.75,17.829999923706055,48.209999084472656,25.520000457763672,23.739999771118164,13.789999961853027,45.0,42.2400016784668,34.5,38.529998779296875,12.6899995803833,26.299999237060547,13.15999984741211,6.639999866485596,79.58000183105469,1.850000023841858,12.930000305175781,39.88999938964844,6.550000190734863
